iteration,mean_wait,max_wait,min_wait,rate,type
0,45.925635732004366,236.57644158100038,3.520592229957856,2.341666666666667,candidate
1,93.55836229375507,439.10308582453536,3.5459415914801866,2.605,candidate
1,73.09618434915966,337.0213867538073,3.538024610918228,2.5658333333333334,candidate
1,71.71043769782787,330.70033807599884,3.5068371961731373,2.5075,candidate
1,70.18193140656237,327.962100293174,3.5268666642814424,2.4716666666666667,candidate
1,59.84895744365107,326.2737987751643,3.54105295185866,2.4725,candidate
2,66.50493021802764,310.1565299997219,3.5431859008740503,2.546666666666667,candidate
2,63.249760913583046,278.4184203690502,3.536942614267957,2.4341666666666666,candidate
2,71.47470222990842,345.50635320927404,3.514482585920632,2.545,candidate
2,68.12728464839886,318.5601400204996,3.532367080391168,2.5091666666666668,candidate
2,74.86209509242428,368.52347271918643,3.5194295261876505,2.58,candidate
2,80.32631841841255,376.80616809716685,3.5113491768247513,2.5658333333333334,candidate
2,78.32431235443946,384.9492480009221,3.5085113663267293,2.5975,candidate
3,61.39461171305012,329.409053793825,3.5088953368460807,2.4941666666666666,candidate
3,70.09112913517899,313.2017912464735,3.5352686778160773,2.4966666666666666,candidate
3,63.19783505930791,322.9239360855986,3.512691747219378,2.5,candidate
4,57.55621786138442,292.66628999766954,3.506080765643077,2.4675,candidate
4,57.876374056674585,279.2659767411901,3.5316409030342584,2.4066666666666667,candidate
5,39.80139455262169,189.3895771658681,3.512027100360001,2.2808333333333333,candidate
5,30.13224505829278,152.3698322478822,3.555536530874633,2.2508333333333335,candidate
6,42.60101491330972,220.5019923398936,3.5252734059354225,2.3208333333333333,candidate
7,40.896786582150554,239.14211687987245,3.5126366430631606,2.3366666666666664,candidate
8,34.487474436632866,150.55673742568297,3.552026014062136,2.2333333333333334,candidate
8,20.361861243442593,85.1969473931199,3.5134416374551165,2.1566666666666667,candidate
9,39.02226641622943,194.3015117843379,3.5121470114447675,2.2716666666666665,candidate
9,31.527374130074616,196.65435440863666,3.505743267384787,2.24,candidate
10,90.58064397222732,418.4819256997339,3.5189289269292203,2.65,candidate
10,112.20861574360315,489.53037436048317,3.5358518585362617,2.6566666666666667,candidate
10,93.4804533430551,405.1498497221214,3.5886409986035233,2.7216666666666667,candidate
10,94.09654521105335,418.2033508187378,3.5405594977135024,2.6325,candidate
10,94.14533970487568,426.0999199859589,3.590029258668949,2.6658333333333335,candidate
10,105.42982869643738,463.96198848442555,3.603992219608699,2.720833333333333,candidate
10,81.10913841922473,387.3269828864263,3.5242233600286275,2.6333333333333333,candidate
10,88.13683964031469,376.40492999186563,3.5150986465191636,2.635,candidate
10,72.12705652175231,325.26615562981533,3.5471998088642067,2.5325,candidate
10,120.74203912985489,507.4100891461039,3.55894804425634,2.7225,candidate
11,11.494081660433084,47.800519666712944,3.5548498262984936,1.9516666666666667,candidate
12,25.74144522405398,115.59009270982278,3.51979644799394,2.1666666666666665,candidate
13,42.88199188163292,207.52366604226972,3.5050166609230473,2.37,candidate
13,48.10430909746098,252.7880610098673,3.5144396616929043,2.36,candidate
13,44.48456457250838,213.45544170297853,3.5475462298427374,2.3175,candidate
14,10.73632248491672,37.30885735341758,3.516507992009565,1.8158333333333334,candidate
15,35.77402282382439,173.62467998414377,3.530548621716207,2.2475,candidate
15,36.05994017702085,199.40532869404115,3.5418301474687723,2.2441666666666666,candidate
16,16.740551420505007,85.9043996063092,3.51163448099328,2.0933333333333333,candidate
17,15.890769099388903,64.28223167870874,3.5414595212992026,2.0525,candidate
18,22.665906874099548,84.67655571997693,3.5139495990100045,2.1325,candidate
19,10.621218135871546,34.05911783809779,3.5225147814795363,1.8875,candidate
20,10.61693529056856,30.832415492385735,3.5124042211000415,1.9116666666666666,candidate
21,10.64237773418526,32.079211139261815,3.530222967109239,1.8733333333333333,candidate
22,12.97509869564874,45.34032076612016,3.537521430039874,1.9266666666666667,candidate
23,24.78725894611613,104.61917593804219,3.553585470800499,2.095833333333333,candidate
23,18.339568829714246,101.48220261739561,3.539647049258406,2.1275,candidate
24,72.93218279150335,317.93703899765023,3.5108216559888206,2.5083333333333333,candidate
24,63.101224795074735,323.589105705405,3.544227685729311,2.5175,candidate
24,81.95862142283805,357.77919786133543,3.5289022941583426,2.591666666666667,candidate
24,67.6483523806609,321.95720785013145,3.5278580504182173,2.5366666666666666,candidate
24,73.84287852160222,337.5915745763532,3.5274399394628517,2.5483333333333333,candidate
24,67.18947451483949,313.89079256549803,3.515295489054097,2.486666666666667,candidate
24,72.16524707963892,322.10537734336776,3.519687334808168,2.5633333333333335,candidate
24,68.81519645766903,337.76875854167156,3.5312987647780574,2.4833333333333334,candidate
24,87.96891444745947,389.4450521481235,3.5256888857898048,2.6275,candidate
24,70.01547802731977,306.26533968195054,3.528170916099043,2.4725,candidate
25,85.50390633647548,415.86319442253443,3.6047463183381865,2.6241666666666665,candidate
25,90.89529349607731,402.4703568580753,3.5412046892211038,2.655,candidate
25,94.42800963736735,421.35496132219623,3.5545609647185756,2.6466666666666665,candidate
25,98.40443525196157,382.1683167594101,3.5472846482216482,2.6725,candidate
25,84.06163222408165,392.04694270448226,3.542319284572841,2.5908333333333333,candidate
25,89.99417969057292,394.9174733064724,3.5385207628313537,2.5725,candidate
25,86.12878601766641,369.6050314855829,3.6121413472951645,2.6033333333333335,candidate
25,78.83318787333327,375.25805268084196,3.589079205310327,2.631666666666667,candidate
25,83.0317268037663,381.2094889226937,3.5906987841412956,2.5625,candidate
26,38.97451658385898,180.97037565973687,3.5286563291971333,2.2225,candidate
26,43.71825278256313,206.60836716669064,3.522441483574795,2.276666666666667,candidate
26,27.085588471143527,149.6655259691138,3.513295803596975,2.205,candidate
26,33.327538010177804,175.4785273804714,3.5356002622643814,2.2625,candidate
27,10.389269080209784,33.651035745067475,3.5462619258790937,1.8825,candidate
28,73.74880062845702,351.5208845794755,3.5403244791714314,2.5341666666666667,candidate
28,71.17720679171738,334.1422387635339,3.555560989159403,2.5825,candidate
28,73.83445043636311,362.81339904213064,3.5076032978681724,2.513333333333333,candidate
28,68.53275947737352,353.1275986396972,3.5092855641033793,2.555833333333333,candidate
28,74.11214830502112,347.94002864345885,3.5269376249474647,2.5116666666666667,candidate
28,72.43561269172224,340.07206269595235,3.5247795800833046,2.53,candidate
29,11.43945443095227,37.38763741559751,3.523699071010924,1.8983333333333334,candidate
30,10.434210879475273,37.90678102814036,3.540639762929459,1.8883333333333334,candidate
31,26.762784550118596,153.08061888817838,3.5102851395571406,2.165,candidate
31,32.118545857940774,157.01735457044015,3.5147429683549944,2.1708333333333334,candidate
32,10.865492015240056,35.89528907968611,3.543396533965506,1.91,candidate
33,9.562370849670396,27.034444426290975,3.527460310647257,1.5825,candidate
34,60.40455427838576,288.1079200102913,3.5348304071735583,2.4008333333333334,candidate
34,50.919971630080504,236.43754394345206,3.5202502376876055,2.3875,candidate
34,42.26928125165375,218.52825953333877,3.5063594735897823,2.3375,candidate
34,41.05215790020203,228.85292199594096,3.546666568892988,2.3475,candidate
34,47.850907984228606,248.3368587673076,3.551426444725621,2.3975,candidate
35,15.515193718080713,64.06594462036583,4.537554609629751,2.0366666666666666,candidate
36,52.67008952455503,264.2520084204407,3.542074751067503,2.3808333333333334,candidate
36,48.351429343112066,235.00135264582605,3.5039905581584208,2.404166666666667,candidate
36,47.7752951566039,247.890814089561,3.5140199362658677,2.3833333333333333,candidate
36,64.92176853912606,285.8786822231409,3.555484402522552,2.5391666666666666,candidate
36,64.27197279854208,305.0828941573418,3.552949647709056,2.4716666666666667,candidate
36,85.61759245353747,398.61405978789753,3.5204975491919868,2.555,candidate
36,51.105551947501624,273.07855668661296,3.545936411737614,2.4766666666666666,candidate
36,67.76938505981482,335.55237842061933,3.5375921381887565,2.4433333333333334,candidate
36,61.815246207236115,302.2466575333551,3.505833460604663,2.4791666666666665,candidate
36,49.055588456781976,235.85923392388804,3.5283982743344495,2.4033333333333333,candidate
36,49.154413985083096,253.54552067980194,3.5257886844066206,2.4625,candidate
36,46.608528361945645,245.9539483096355,3.520637745458089,2.3983333333333334,candidate
37,9.98031659233659,30.389258154429854,3.565322116543939,1.7275,candidate
38,10.072745045610697,30.493060145772233,3.5614838670712743,1.8066666666666666,candidate
39,12.071267813431204,47.900938762416445,3.513442506750607,1.9425,candidate
40,10.0295192809781,32.00838006171625,3.5434136234944162,1.7483333333333333,candidate
41,9.810097162404082,27.79995867263051,3.5226983539382672,1.6708333333333334,candidate
42,9.701806652284965,24.69025317921023,3.517377998872007,1.6566666666666667,candidate
43,15.243603291107908,66.04657140354902,3.5386995557507817,1.9691666666666667,candidate
43,13.242921213504971,55.74335629308871,3.520894423672189,2.0241666666666664,candidate
44,54.79927420793749,267.70007423529296,3.5237636892211412,2.4341666666666666,candidate
44,57.597613872612534,281.3452965468855,3.5122498628693393,2.49,candidate
44,77.93002244695761,358.96170874595555,3.566067242655663,2.5408333333333335,candidate
44,58.564797817347035,315.28044185075305,3.533970600098428,2.4541666666666666,candidate
44,67.09630777856157,324.3065106658664,3.5209683947247186,2.5033333333333334,candidate
44,73.69612847140552,356.5207264464166,3.5312160831813344,2.5541666666666667,candidate
44,81.84147101008395,392.02921771715955,3.5724217610759297,2.5725,candidate
44,58.99496710075313,287.1846116127149,3.5402865742494214,2.4791666666666665,candidate
44,75.39666288399972,351.0398514094395,3.5353642559252876,2.5433333333333334,candidate
45,14.008606551098334,60.55638087840589,3.5350531837499233,2.0316666666666667,candidate
46,9.588650191163046,28.465312583164177,3.518904335196112,1.6441666666666668,candidate
47,11.308834124104111,48.2608378328207,3.5307591633195443,1.7983333333333333,candidate
48,10.810560144805883,36.43823215341558,3.529415630463518,1.8408333333333333,candidate
49,10.215808199011121,32.38221470364306,3.519092881483857,1.7766666666666666,candidate
50,9.85380538171562,30.108255821923194,3.539453768722524,1.7408333333333332,candidate
51,9.644354341604034,28.078012662601395,3.5195733905520683,1.5933333333333333,candidate
52,12.095411706677048,48.930090332293275,3.5051050449810646,1.9058333333333333,candidate
53,103.39858581933788,460.3929379106571,4.516462908046378,2.6508333333333334,candidate
53,98.22153029932598,434.254952434856,4.542717824980173,2.6125,candidate
53,81.15585606203376,393.22488141389704,4.51233280261431,2.6125,candidate
53,92.42725203072524,420.8214851517291,4.527020854731973,2.6433333333333335,candidate
53,92.41177654826393,422.61351818403455,4.52716575866134,2.6725,candidate
53,77.46805139177444,357.30983218990923,4.507795325826919,2.6016666666666666,candidate
53,79.63671410271807,380.5090854280402,4.53001481560932,2.675,candidate
53,94.04505518428151,397.5163617221233,4.5302977347200795,2.6066666666666665,candidate
53,103.79137508116492,460.74390090524594,4.53268981971496,2.6891666666666665,candidate
53,89.84845185617186,406.47577772837303,4.52651461179812,2.645,candidate
53,88.60152410793198,402.1070978554221,4.534264157705991,2.6708333333333334,candidate
53,59.091515719951396,271.99146348556906,4.509769318555797,2.5316666666666667,candidate
53,93.65138669857465,405.70193745973666,4.5292986926117464,2.703333333333333,candidate
53,85.42639183010083,403.7345631721164,4.54689489194152,2.6375,candidate
53,103.85927834669984,465.81539394823767,4.519637818775891,2.675,candidate
53,91.589113382972,412.00558880668723,4.5171876219154115,2.6491666666666664,candidate
53,79.30842024911894,374.6114469109598,4.514438412840718,2.5908333333333333,candidate
53,114.67641258767006,503.21186510227835,4.5177698851061905,2.745833333333333,candidate
53,86.004120202396,418.5706934924642,4.527368212632609,2.6266666666666665,candidate
53,103.71263814957472,454.45935096751555,4.534555383740553,2.651666666666667,candidate
53,92.76973210839799,397.4773676372324,4.514619039375816,2.654166666666667,candidate
53,104.79509897999729,462.7472866228586,4.521071666958846,2.6758333333333333,candidate
53,94.7183424188113,436.8309961986647,4.531222758811964,2.620833333333333,candidate
53,96.75257316631254,433.75118380592403,4.519778276258876,2.68,candidate
53,85.51628867026989,385.82783778236126,4.52414858449356,2.680833333333333,candidate
53,98.39625898949038,445.8601027266277,4.527850473872604,2.6191666666666666,candidate
53,109.98634843651556,488.6877150800242,4.519993244910324,2.716666666666667,candidate
53,110.14591017136676,474.73705261404484,4.52952861509192,2.6725,candidate
53,87.38776194366672,405.359862556204,4.525842291348226,2.565,candidate
53,96.59810996476651,441.44364382174854,4.517966512127714,2.6325,candidate
53,87.12443669883068,368.7830770209189,4.507255753061827,2.620833333333333,candidate
53,79.39794947027151,356.98589335833003,4.5204902287873665,2.5433333333333334,candidate
53,81.0453255173502,364.9441994633198,4.520154845013167,2.6166666666666667,candidate
53,65.88246787510046,320.4681749401607,4.509569166667006,2.5458333333333334,candidate
53,103.93927104358465,458.7078955877091,4.514799799983848,2.734166666666667,candidate
54,90.40841612893962,409.17552220363314,3.532096496069016,2.6166666666666667,candidate
54,92.39363521587178,411.6172208467765,3.5302778096142333,2.660833333333333,candidate
54,83.17946254745134,374.67344157401885,3.5225338298179167,2.651666666666667,candidate
54,94.22680608528186,432.02632983954936,3.5486829682195093,2.665,candidate
54,90.23951773818085,431.69136406545977,3.5325060482127064,2.7383333333333333,candidate
54,89.72565624820953,418.6669544624674,3.5155126317595204,2.6733333333333333,candidate
54,88.53370279721244,388.2946109702175,3.538027712056987,2.6825,candidate
54,90.72035231990002,418.5351817554829,3.5151079994566317,2.7191666666666667,candidate
54,92.63694937875186,431.2430442219829,3.5232376438939355,2.6075,candidate
54,91.26957557956686,446.50434770191487,3.5338250756958587,2.6966666666666668,candidate
54,94.84370048209603,422.3668859469394,3.524255476557414,2.66,candidate
54,111.5271379693753,480.9232950310393,3.5424681494569086,2.7133333333333334,candidate
54,81.92595109708851,397.16200930804143,3.5278685172415862,2.6325,candidate
54,93.89298436872423,427.11460023468953,3.5556924902186324,2.6675,candidate
54,97.8553055430375,443.3374770360074,3.517545121923831,2.675,candidate
54,84.60782083901275,400.491598003573,3.509861200825995,2.6458333333333335,candidate
54,105.19282959785228,469.35156807348585,3.552085546237265,2.6633333333333336,candidate
54,83.58022996677417,389.71774010516583,3.52008716510295,2.6325,candidate
54,104.59823854007183,477.72447686256464,3.5217487491427164,2.73,candidate
54,90.68338075325269,412.5586322586505,3.5252361765055866,2.655,candidate
54,79.41589391777927,386.95354259808937,3.5359186498037616,2.6233333333333335,candidate
54,87.54820642880242,402.9361489186508,3.541177876872098,2.5991666666666666,candidate
54,96.42246417545732,425.33336099653525,3.546869938527152,2.66,candidate
54,73.95636320143332,363.8646777458812,3.529050924209514,2.5933333333333333,candidate
54,99.92501447268654,433.8987995700045,3.5331551552953897,2.6641666666666666,candidate
54,106.28008453691217,452.73950551672124,3.554159075492862,2.73,candidate
54,93.13291205793203,414.56499203093426,3.5346550537020676,2.683333333333333,candidate
54,111.043069302315,497.2082083540463,3.5175024761441396,2.683333333333333,candidate
54,80.61097425441396,384.3354928069093,3.5418349382166525,2.6925,candidate
54,78.10076677968384,375.6898363556438,3.539990073370973,2.6625,candidate
54,86.59156359164109,408.7921295976603,3.5028667315280018,2.6908333333333334,candidate
54,85.6303755953368,406.61985115628977,3.521206719847669,2.638333333333333,candidate
55,9.886750964069336,26.867299334425752,3.51891714144449,1.645,candidate
56,12.614228530099552,44.556220009897515,3.528503023371968,2.0608333333333335,candidate
57,9.32859279564572,31.387588197461355,3.509156982801869,1.5591666666666666,candidate
58,10.225361202721293,33.037129720880785,3.508484577181889,1.7275,candidate
59,10.529089350169041,32.36565833244322,3.5330093151168285,1.8416666666666666,candidate
60,9.448505871892579,26.463425981358796,3.5178976897097414,1.6133333333333333,candidate
61,10.37503153316296,32.584555266045754,3.5252900193629557,1.8091666666666666,candidate
62,14.75035535809278,48.21227237824428,3.5154705963175275,2.129166666666667,candidate
62,21.44928821839444,99.30713189663629,3.5066884904661038,2.0283333333333333,candidate
63,9.948049514083916,27.81434739920087,3.516446390380679,1.7525,candidate
64,18.116347189278788,89.3601109118672,3.554180521993203,2.129166666666667,candidate
64,26.920219269485283,137.58983157233342,3.5171791130551355,2.1616666666666666,candidate
64,39.51097210529099,177.24059570007603,3.5268815076822193,2.2358333333333333,candidate
64,40.37587312764554,176.00122973094994,3.5298813435154557,2.32,candidate
64,33.84980576274196,160.94023967752128,3.5342404860980423,2.2258333333333336,candidate
64,26.95911529065961,135.9265366263062,3.5169730312693446,2.2475,candidate
64,22.099820479907276,94.96921457584585,3.543208450205384,2.2,candidate
64,47.402733508435084,263.46080443431356,3.524077189090349,2.325,candidate
64,32.495425956172824,167.33625976056692,3.5168267696124076,2.1925,candidate
64,24.82261059953495,125.74891601391755,3.545252696928628,2.1666666666666665,candidate
64,18.44497406763614,107.06039992850128,3.5384855014740424,2.1233333333333335,candidate
64,25.309303435738617,170.22642591554722,3.537615115180074,2.21,candidate
65,9.67600075006147,26.734564660945125,3.5517645154423008,1.61,candidate
66,9.426650007600685,28.590003218100264,3.5277033423749344,1.5908333333333333,candidate
67,9.70463501823401,32.62602735604605,3.5511656215540484,1.675,candidate
68,10.46181285436838,33.39959951751348,3.529632817480433,1.8516666666666666,candidate
69,9.426706312285292,25.056477931900645,3.520811762849121,1.5325,candidate
70,10.461779117230929,35.87627423615277,3.5445111189519594,1.7641666666666667,candidate
71,10.543903064886234,39.95132641359942,3.5028554694854392,1.7816666666666667,candidate
72,42.50170457137072,208.71580469466608,3.5265095814484084,2.275,candidate
72,38.11678248165295,177.17989749570597,3.5183482641264163,2.2125,candidate
72,24.910856944088813,130.2542177112905,3.5131424227661228,2.1966666666666668,candidate
72,28.1182006505052,162.39801971635507,3.542724169871235,2.1975,candidate
72,29.072081656984043,147.26597470132538,3.5199525467321564,2.183333333333333,candidate
72,36.17749754986402,181.97556046665704,3.5154897528318543,2.2275,candidate
72,36.689903724676505,172.13212204526917,3.5129570750652874,2.1958333333333333,candidate
72,35.441798405801855,165.09920014821046,3.533384325211955,2.2666666666666666,candidate
72,39.1152972911609,201.725545491106,3.5483807941485566,2.3366666666666664,candidate
72,35.26318377606269,200.88732828308366,3.533480734524119,2.205,candidate
73,26.949737600524408,122.67401410804041,3.5400643644661614,2.1725,candidate
74,9.725441677026204,24.833621116653603,3.529287613278939,1.6358333333333333,candidate
75,15.992736950534873,78.16239102083136,3.512530463538951,2.0566666666666666,candidate
75,15.361074666798096,65.05994376612989,3.5406596047960193,2.066666666666667,candidate
75,11.196447618434817,40.71027092075292,3.543940737982666,1.9333333333333333,candidate
75,20.88783855952005,84.99685288388173,3.5310447440331245,2.095833333333333,candidate
76,9.849845224042062,30.08252147807275,3.531780397504008,1.7083333333333333,candidate
77,15.779489882139357,67.55485433995909,3.5226252360746457,1.9025,candidate
78,9.607660143107763,34.197637908156594,3.5103029867259465,1.6175,candidate
79,10.212186090121932,34.84496346440301,3.51535300164187,1.7358333333333333,candidate
80,11.407776329888383,46.195434024705264,3.5453756216097645,1.9025,candidate
80,12.259959996439921,44.05866400537843,3.5283228096615176,2.0075,candidate
81,9.301055829906101,24.74796175819347,3.5278514491258193,1.5866666666666667,candidate
82,27.03886912238597,130.6216322184041,3.590359942239303,2.1075,candidate
82,18.935222729014672,74.63213471564791,3.5300184494320206,2.055,candidate
83,32.49588375220382,180.7124478497076,3.527386016014759,2.2925,candidate
83,42.96727315165412,215.99065787390145,3.511341070032131,2.4175,candidate
83,53.08304951008884,241.42343915839547,3.523454744175069,2.3841666666666668,candidate
83,59.35800072669731,284.8593699875819,3.5564185226937752,2.4258333333333333,candidate
83,41.21746165175425,192.83069229464581,3.5435017864977,2.33,candidate
83,47.657547747890185,220.78483050601562,3.519508325802235,2.3658333333333332,candidate
83,65.14515421085697,330.1016153620294,3.523219447685733,2.4591666666666665,candidate
83,50.18151423869344,221.48250529607185,3.5581052809016,2.3758333333333335,candidate
83,43.345375639816716,238.5765548658078,3.556182760743468,2.339166666666667,candidate
83,53.24601871777559,285.01641443505196,3.52187110009163,2.408333333333333,candidate
83,34.72561774241295,172.9950499716956,3.5327759477017935,2.2583333333333333,candidate
83,57.06682574777257,259.2541436110937,3.5174384352249035,2.46,candidate
83,54.04929413570464,259.0154917314626,3.5077499398014425,2.361666666666667,candidate
83,39.7746053120923,186.50066590423467,3.5209137356555402,2.2916666666666665,candidate
83,50.79691107013126,251.0569187195756,3.524314528417108,2.4558333333333335,candidate
83,39.728259172200794,229.89730219968988,3.515792704948126,2.3541666666666665,candidate
83,49.34163119559239,225.5856944570569,3.5200649967928257,2.4066666666666667,candidate
83,45.55243177080767,241.00149612486075,3.531226194543933,2.3341666666666665,candidate
83,50.02827829182892,216.33358424971811,3.524223537070611,2.341666666666667,candidate
83,50.42468955105878,262.47681123100483,3.5281772994990206,2.404166666666667,candidate
83,56.901524038749834,273.4692652616345,3.529876384427098,2.4625,candidate
83,71.83443053867154,349.03469902921233,3.5128676741028357,2.4658333333333333,candidate
83,55.8360450276765,270.0980718888309,3.536983294937727,2.379166666666667,candidate
83,47.82646486448353,216.84289136713915,3.5568051132081564,2.3141666666666665,candidate
83,58.940585718866444,320.73073762852755,3.5163729267908366,2.361666666666667,candidate
83,55.94908529622074,263.92318144909177,3.5657379218525875,2.3825,candidate
83,51.913280387933845,273.1669017263116,3.5504365894681964,2.5125,candidate
83,51.194331410154355,236.9686479011816,3.5340918502540717,2.3608333333333333,candidate
83,53.89538271103117,254.46023713757813,3.5224988674726774,2.408333333333333,candidate
83,56.0766618368699,287.52668462680003,3.514443895730466,2.441666666666667,candidate
83,54.13019836360828,269.6154162293874,3.5193550568013166,2.4091666666666667,candidate
83,47.35045387600861,233.33279281556906,3.534966553839922,2.3825,candidate
83,44.93131496637027,226.94678803686156,3.5463672532891906,2.3766666666666665,candidate
83,60.56667255722675,294.64894383328965,3.517774922700255,2.49,candidate
83,44.24613739638855,239.76492202784993,3.517699989267385,2.3966666666666665,candidate
83,54.97926169560687,281.0837183540639,3.5170440564895102,2.425,candidate
83,41.21716635263703,211.38549985348845,3.5164997114243306,2.3358333333333334,candidate
83,39.755398801818224,228.59990992016492,3.5175304059125665,2.31,candidate
83,57.37675570257036,266.89653452629227,3.535868325843694,2.4391666666666665,candidate
83,62.7387484182853,296.5767239411921,3.520295330027693,2.3975,candidate
83,52.655686961842676,253.11359408730277,3.5434369554920693,2.39,candidate
83,50.8932243863758,264.6008038208188,3.512507860812093,2.3925,candidate
83,67.4781158412446,312.7584002051426,3.5817390188531135,2.4025,candidate
83,38.095127178258416,177.19177160818026,3.5170352916788943,2.3408333333333333,candidate
83,43.46640963313978,194.15142670304294,3.527826010112449,2.3125,candidate
83,59.672659050428344,298.3516686374883,3.5239832744739488,2.3691666666666666,candidate
83,48.07734353422414,243.54113078782848,3.5177589299814827,2.3825,candidate
83,51.22938661856429,261.6659289159802,3.549015650364936,2.3758333333333335,candidate
83,49.55031676586825,236.70305306368573,3.5453525073498895,2.395,candidate
83,48.3109441122517,255.01099934406193,3.522477573310425,2.444166666666667,candidate
83,50.29857920685291,277.54700710416046,3.5198301632061657,2.348333333333333,candidate
83,57.888999141013315,271.3665729705731,3.509169587019983,2.3716666666666666,candidate
83,41.83941604407266,212.78920817297694,3.5517617109178445,2.3991666666666664,candidate
83,45.628136857569906,252.34663798544398,3.542873786570908,2.4008333333333334,candidate
83,61.2323160615851,300.40615651626376,3.5148788961496393,2.444166666666667,candidate
83,59.162733538359454,285.1304620103506,3.5387887048850644,2.4283333333333332,candidate
83,39.66421986909094,219.10767478888374,3.504235152553292,2.359166666666667,candidate
83,55.141998846478415,280.3345243207009,3.5274041253393875,2.473333333333333,candidate
84,9.250207365154004,25.708071931779614,3.5213269533264793,1.5441666666666667,candidate
85,10.098940356545443,32.16057451375673,3.52033792535417,1.7966666666666666,candidate
86,10.29519012102381,38.47058781463147,3.53400368418761,1.7933333333333332,candidate
87,9.206144625778471,24.045773280550293,3.515076287286206,1.5716666666666668,candidate
88,9.365875729574803,27.54954479663229,3.525112650898791,1.6008333333333333,candidate
89,9.920264390828695,29.082402965742403,3.532195696376675,1.7541666666666667,candidate
90,9.333733725701636,29.44781993908373,3.536138415411756,1.5108333333333333,candidate
91,10.12643146595428,32.25223342185677,3.523413801022798,1.76,candidate
91,9.935575210588564,28.379443436951533,3.529998666501612,1.7191666666666667,candidate
92,20.77535415436295,95.75959918340777,3.5287965126776726,2.1025,candidate
92,14.219555646560716,52.50162910418976,3.506915600256889,2.0591666666666666,candidate
92,15.224237143408935,58.245075483820756,3.527460492888167,2.0625,candidate
92,20.45788722723284,79.38193608937445,3.5151614926667207,2.109166666666667,candidate
92,18.340142365882333,84.44222514101511,3.5123900087086213,2.0775,candidate
92,16.95554308880735,82.80482983186357,3.5140674520903303,2.046666666666667,candidate
92,19.44734752078791,80.67432155070537,3.533208113732485,2.1341666666666668,candidate
92,28.80208542432269,125.47717385548776,3.5064027639346023,2.131666666666667,candidate
92,26.078764129789633,122.01065888263065,3.5170722483485406,2.1433333333333335,candidate
92,13.22811673202073,45.22042521717685,3.5188636043432098,2.0525,candidate
92,22.11206782868597,83.88278326503814,3.520870614083833,2.0616666666666665,candidate
92,13.06812482286181,46.95877309711523,3.533082643275975,2.02,candidate
92,14.46603128590087,51.44992081296505,3.5785445946253276,2.0658333333333334,candidate
92,16.38557966123651,77.32481321049636,3.512236895630849,2.1075,candidate
92,19.341582931365107,107.2578814031749,3.5379295461880247,2.1158333333333332,candidate
92,28.485077073767986,146.08183072347992,3.5318193683010577,2.160833333333333,candidate
93,71.68394166835222,339.981485474666,3.5589285564753936,2.513333333333333,candidate
93,78.13798809536395,368.73601453795254,3.602080136198765,2.5633333333333335,candidate
93,74.6195970859879,354.84678501776716,3.631639263629495,2.5475,candidate
93,80.54528410616834,392.3510562088172,3.6458929611499116,2.6175,candidate
93,60.16320064593897,289.5365808226247,3.516577322391413,2.5091666666666668,candidate
93,82.08201727116517,357.90933375815166,3.6110955678739174,2.4983333333333335,candidate
93,73.16792811089596,334.6566105273032,3.6147873163499753,2.5683333333333334,candidate
93,74.06602195600865,346.75111573544655,3.548854873174605,2.5825,candidate
93,66.09992570917001,289.2092779853979,3.542486213235634,2.5341666666666667,candidate
93,66.08076019594282,313.56804591429045,3.617474099917132,2.484166666666667,candidate
93,59.47116027077126,313.66421537995484,3.6534768352489664,2.533333333333333,candidate
93,80.68672570447183,365.54642556920635,3.6016007733319384,2.53,candidate
93,72.12256171780294,345.2001528122955,3.555780939827855,2.5658333333333334,candidate
93,77.94271423524376,367.49787684823696,3.592555264508519,2.505,candidate
93,82.90913047297093,414.58161346617817,3.656912157653096,2.5541666666666667,candidate
93,78.81531622829044,370.39486154956785,3.5632233363919568,2.5308333333333333,candidate
93,89.01619855082578,409.7645554730325,3.518562642964298,2.6308333333333334,candidate
93,66.54285127048445,331.56627334905306,3.5904098207265633,2.4916666666666667,candidate
93,73.85065368962577,335.7304632953592,3.571028568915523,2.5341666666666667,candidate
93,89.48417150849262,395.1093295879191,3.6478895213699616,2.5375,candidate
93,79.67679441530403,373.5897793731242,3.537511591498742,2.5275,candidate
93,81.19253709018709,395.3541843111757,3.54629688977775,2.5741666666666667,candidate
93,72.11836964460215,344.32243334854684,3.525644203720958,2.5408333333333335,candidate
93,52.50614079663866,255.41577379416913,3.5495624654108724,2.475,candidate
93,65.73167506889976,335.76013365801236,3.636720668052135,2.53,candidate
93,62.802853050932534,294.6622732421765,3.6260533651211517,2.4683333333333333,candidate
93,59.62123281257335,304.32277215131444,3.5484457202167192,2.4383333333333335,candidate
93,76.01008085240377,343.1933317799999,3.60521649237171,2.5475,candidate
93,61.55180587967667,320.240208019095,3.5499565565061175,2.4991666666666665,candidate
93,73.1559947930056,344.81410743996594,3.6079671006427816,2.5383333333333336,candidate
93,71.88144893475999,330.24442500295436,3.5220011147312107,2.5608333333333335,candidate
93,84.12092754743952,397.10946745257843,3.6180038380070982,2.5833333333333335,candidate
93,64.82499295497438,310.19355167801814,3.5145503438832293,2.5541666666666667,candidate
93,74.85778715525215,343.7410028418435,3.580398077915106,2.5383333333333336,candidate
93,73.30047230400825,351.2900703674777,3.6000101457200344,2.5375,candidate
93,69.91842893392992,332.7116278348972,3.54417929481815,2.5566666666666666,candidate
93,60.86591469737548,298.84127058895183,3.5207711777547956,2.45,candidate
93,58.95010522008293,297.2327616511002,3.5531551807193864,2.4941666666666666,candidate
93,71.5820991910892,319.0032730839516,3.565414316934948,2.5708333333333333,candidate
93,63.79102906621321,347.339888526672,3.568487972348521,2.5191666666666666,candidate
93,61.28020245392667,306.83366636200617,3.573065476544798,2.4891666666666667,candidate
93,77.85734057516301,355.6630178116502,3.645633145520833,2.57,candidate
93,58.548868117547975,275.9614567970034,3.552038529557308,2.445,candidate
93,82.8750574747768,368.044987479926,3.648270372982097,2.535,candidate
93,70.46886757073705,359.087494233705,3.61505346697777,2.5366666666666666,candidate
93,72.21560274497969,368.2286232080978,3.6070880450556615,2.5216666666666665,candidate
93,93.15833739836982,418.30579916016495,3.597100158243393,2.5725,candidate
93,79.58179654748541,366.6498100089875,3.5095309845075917,2.5908333333333333,candidate
93,53.00884274903035,245.5818580356804,3.648189104807898,2.39,candidate
93,63.273083699314164,331.84276365759433,3.5804991632253405,2.5383333333333336,candidate
93,58.76425105913645,310.9998801537363,3.6925622477465367,2.515,candidate
93,64.18423165769296,330.85071074561347,3.5797715409307784,2.5033333333333334,candidate
93,74.94841926169175,358.42024558210187,3.675855011544826,2.549166666666667,candidate
93,62.42487118646701,287.1098162650128,3.610315883094245,2.5216666666666665,candidate
93,65.8850844999129,299.3918654192594,3.5662928638159883,2.475,candidate
93,74.09877222303935,338.66681518942687,3.5331236528249974,2.5658333333333334,candidate
93,80.05352652254113,397.0766031568842,3.5956320351033355,2.6158333333333332,candidate
93,74.50781315632867,326.8441743089934,3.5676948258465018,2.5016666666666665,candidate
93,75.91467204155701,354.4847944806229,3.5152704075239853,2.5858333333333334,candidate
93,90.86511110015836,413.9618802239456,3.5916203439405763,2.629166666666667,candidate
93,62.14395882179204,310.496433681099,3.563982607033836,2.4558333333333335,candidate
93,73.64590235497135,336.7643633037733,3.570766489693824,2.54,candidate
93,56.04062999367709,269.724335066202,3.6322978775369847,2.4566666666666666,candidate
93,73.67338920580441,340.33365471433035,3.5739160959374203,2.5241666666666664,candidate
93,63.42551548034081,310.74644963898936,3.5443997637651137,2.493333333333333,candidate
93,66.94364866789878,319.26540353089877,3.6287654030247722,2.545,candidate
93,71.27201050552738,342.8528882849514,3.5994915619066887,2.545,candidate
93,89.1691100221136,418.26582849079387,3.5605707591644205,2.55,candidate
93,69.01105063792305,304.5642407925816,3.6162167131724345,2.52,candidate
93,58.8460523878639,285.26388067477546,3.658377279184151,2.493333333333333,candidate
93,68.65026098917149,324.1299263825067,3.510301359863206,2.495,candidate
93,67.06288169904455,293.54626674929796,3.5160655955129414,2.558333333333333,candidate
93,77.08985894757525,341.8542287188038,3.5689335518469534,2.526666666666667,candidate
93,65.02318091097756,303.49388727108635,3.555832764228853,2.5641666666666665,candidate
93,86.5736070904645,382.5364201730299,3.6244480304990248,2.5808333333333335,candidate
93,63.55601970953883,273.8256761276034,3.60485539614956,2.4775,candidate
93,85.16468862092427,384.71629907847864,3.6268166528923302,2.5733333333333333,candidate
93,63.83148668922839,322.79074202006177,3.672564171900831,2.5183333333333335,candidate
93,78.74883608857832,382.22922949813756,3.558428164724873,2.535833333333333,candidate
93,59.608395055766884,289.9110625709568,3.536870736185392,2.5108333333333333,candidate
93,77.27415736108884,354.24014129939815,3.5755607895821413,2.5283333333333333,candidate
93,90.20157327569525,424.1377485139801,3.516041906407736,2.63,candidate
93,61.1224294980671,296.1935662479382,3.568289267661612,2.5258333333333334,candidate
93,79.2514424719633,369.01860961732245,3.5747935829339212,2.5475,candidate
93,69.66015156052471,327.75655950870623,3.5353218132122493,2.495,candidate
93,94.44775388470333,426.95204353801773,3.5575383705695316,2.5416666666666665,candidate
93,70.00541987754197,338.11025838748674,3.5924469146289084,2.5341666666666667,candidate
93,91.97270987354679,426.4246068730954,3.602686704483631,2.6175,candidate
93,87.3213748606313,394.75053933507206,3.658333432993686,2.5541666666666667,candidate
93,67.91498366184064,318.3685586480847,3.548011905335443,2.575,candidate
93,80.25060004983162,384.96156096918185,3.5175510930675955,2.5841666666666665,candidate
93,59.435146885209654,317.93203440423713,3.7116655181907845,2.5591666666666666,candidate
93,66.195414259258,307.91105926208365,3.5326643597752536,2.5175,candidate
93,67.85805601449054,352.33325857429236,3.6123460800929763,2.5308333333333333,candidate
93,61.011875647033115,276.4468578571841,3.530477530747362,2.4608333333333334,candidate
93,68.05054320513388,313.3831328380684,3.595413505770807,2.473333333333333,candidate
93,82.40523544915506,371.01776365131263,3.53232381604073,2.5641666666666665,candidate
93,73.51616945764158,355.87754792054375,3.5676052173325843,2.513333333333333,candidate
93,62.99743332144496,314.884559943951,3.567722494098234,2.533333333333333,candidate
93,68.67127684304417,324.8217684472361,3.6057792187545488,2.5391666666666666,candidate
93,78.79861318577017,370.65490971697045,3.5609168772953126,2.5741666666666667,candidate
93,87.41680696967187,412.88276811487003,3.601932624725123,2.5966666666666667,candidate
93,69.10730069334312,330.4849661340586,3.6185547608729394,2.54,candidate
93,78.72798836225523,361.6174742950607,3.568401271568746,2.5458333333333334,candidate
93,83.56387935822482,405.782122844867,3.524370586395662,2.58,candidate
93,94.93599725392558,426.33005308545717,3.539049717358324,2.5775,candidate
93,79.84104864097006,383.8500075582442,3.5681656274218767,2.5833333333333335,candidate
93,62.419815917228064,311.1822231453134,3.5587572989491036,2.5025,candidate
93,93.13133160115612,403.71065768063954,3.6111696940772617,2.5858333333333334,candidate
93,68.88619981468665,317.75524452939,3.5525298770207883,2.4775,candidate
93,96.28389530541628,417.9200195563294,3.55596071255286,2.660833333333333,candidate
93,69.55675556968006,339.696686457919,3.5506696750458104,2.53,candidate
93,63.45417439810774,318.8858841645747,3.5534790351662195,2.5241666666666664,candidate
93,81.68758486693594,370.92816422565693,3.582259205328228,2.5675,candidate
93,60.25431029506344,294.01826467777937,3.5245599676958363,2.49,candidate
93,68.30472277069975,302.28949406584616,3.5549168491259024,2.526666666666667,candidate
93,81.4020865195089,362.3358808542839,3.7457819278431543,2.555,candidate
93,54.76309495547921,274.84812337115227,3.563187803859364,2.484166666666667,candidate
93,83.9119254850458,399.3702316796757,3.587696060246003,2.5641666666666665,candidate
93,61.30075052344886,289.41388513950415,3.6544808829348767,2.513333333333333,candidate
93,74.52222935612934,357.2494950453279,3.548818583196862,2.5858333333333334,candidate
93,73.22211199924425,344.21731988514875,3.601828348831077,2.5508333333333333,candidate
93,74.65077074743914,332.79456237414024,3.5232173187225726,2.58,candidate
93,82.01350043851686,354.4622933547507,3.5756603201730286,2.5941666666666667,candidate
93,56.420469591045844,285.74516058790323,3.5222681783047847,2.495,candidate
93,74.63760813606834,353.83897810829194,3.5882375511378086,2.513333333333333,candidate
93,67.33563095126131,324.3080775857179,3.5589729642779275,2.5483333333333333,candidate
93,63.57039701190048,310.7497961085187,3.574034925189835,2.566666666666667,candidate
93,89.9472296182092,406.11512570353216,3.5228627905162284,2.611666666666667,candidate
93,55.19100852672337,282.85089802139146,3.5503095005899468,2.47,candidate
93,57.94155504502218,279.75479611258106,3.593021675891123,2.4875,candidate
93,65.64791385634331,307.7571424496482,3.5969410294183035,2.5191666666666666,candidate
93,88.37221227626908,439.14413921990445,3.554327072734168,2.6766666666666667,candidate
93,83.71049696358507,396.454192755587,3.627812636699275,2.5733333333333333,candidate
93,65.00567090283745,301.4543636052995,3.662607329474781,2.5008333333333335,candidate
93,81.49969746125407,381.6165111501473,3.636578977419049,2.6133333333333333,candidate
93,66.75211783339034,289.509480028737,3.7153098282274186,2.4691666666666667,candidate
93,75.88223981424561,357.59352788255956,3.6249163646016314,2.53,candidate
93,78.47570972179301,341.24662112639226,3.5489295493821373,2.5191666666666666,candidate
93,86.96074066025548,387.0579067678491,3.5770320083611296,2.5625,candidate
93,76.51788587864654,331.1278794405971,3.543277081820861,2.589166666666667,candidate
93,70.11992996562283,343.6076709771255,3.551661526499629,2.5608333333333335,candidate
93,72.36749841386994,322.84012302587735,3.5220403275691865,2.485,candidate
93,82.17065841353772,373.36027806221045,3.604828790490501,2.5675,candidate
93,76.14871800409426,354.61076874981745,3.5542566826925395,2.5383333333333336,candidate
93,69.34853272099542,327.2611367229333,3.53347249469914,2.5016666666666665,candidate
93,80.49229169763025,368.9153109656677,3.5330076300240307,2.5791666666666666,candidate
93,65.03280765812771,289.1666552617439,3.564712776577835,2.464166666666667,candidate
93,64.73676879465772,277.4782309910506,3.652252188563125,2.4875,candidate
93,88.01904475336619,387.5355165727974,3.5753131096776087,2.5233333333333334,candidate
93,78.5932813854714,381.6123823222192,3.5569291145538955,2.62,candidate
93,70.40434940389832,333.01145087775694,3.5629896257114524,2.515833333333333,candidate
93,79.46803654089669,361.45858077324283,3.551996867718117,2.5633333333333335,candidate
93,65.98528212199419,305.6965315437201,3.5784909593952534,2.495833333333333,candidate
93,65.1812627421269,312.698413962783,3.6130556426178373,2.525,candidate
93,97.66462747181497,409.5461211489942,3.6544651038916527,2.6066666666666665,candidate
93,65.5952345085276,316.1053020757636,3.5139010653633704,2.5141666666666667,candidate
93,77.73822940708831,355.1659511984062,3.621242647187273,2.5166666666666666,candidate
93,61.271505404073324,299.6515778135199,3.6397090466562076,2.504166666666667,candidate
93,89.27411921063783,407.6872637068668,3.53683518327216,2.5383333333333336,candidate
93,68.34737268438934,335.8392527805827,3.596912212737152,2.4858333333333333,candidate
93,80.65689638035602,391.0099837580192,3.567713645612912,2.5091666666666668,candidate
93,80.57712930259314,381.4905821802563,3.5561510974007433,2.5383333333333336,candidate
93,57.60723209679239,294.6231693579052,3.5777247232676217,2.46,candidate
93,72.45036174243673,333.4267054931838,3.549092106484352,2.5458333333333334,candidate
93,83.88619113064762,379.53692925896576,3.61745900088863,2.585,candidate
93,69.83846440805308,307.24158898598034,3.5451561584636693,2.4983333333333335,candidate
93,70.00517439699543,322.42444760849867,3.6483020594050686,2.5383333333333336,candidate
93,83.32215384302144,367.92693831967654,3.6618646554891257,2.5516666666666667,candidate
93,77.07959221412843,365.4817115801875,3.552199289091277,2.5383333333333336,candidate
93,60.49528422336618,309.6735443594266,3.6095227413347857,2.535,candidate
93,83.66206981280641,374.40848194445016,3.529573475291727,2.5841666666666665,candidate
93,84.55683489048391,387.8193416443328,3.5477476880682843,2.5716666666666668,candidate
93,88.19543213645531,391.2386988832677,3.6355703209394505,2.6075,candidate
93,73.46175143266895,358.5790115243417,3.5192155878282847,2.5216666666666665,candidate
93,62.26856804132626,290.1234644460328,3.5904433894402246,2.473333333333333,candidate
93,86.3151725438074,395.2441672702871,3.6575952597968353,2.5808333333333335,candidate
93,67.53410897203268,327.4001255811463,3.6458121312468847,2.5408333333333335,candidate
93,93.2970028555801,436.98604909201913,3.5699718195307923,2.5833333333333335,candidate
93,81.75966166266724,372.46403704045724,3.547315649207576,2.5375,candidate
93,71.13065202795602,353.82546106640666,3.5878706943163508,2.549166666666667,candidate
93,103.60942112806468,466.23191897363677,3.5955950637614933,2.5633333333333335,candidate
93,65.81150210129023,329.684087934294,3.65587531113988,2.5025,candidate
93,70.04656664927535,342.1586195862833,3.5863852113654957,2.5733333333333333,candidate
93,63.96907901155963,303.4017907057528,3.540790341538468,2.4891666666666667,candidate
93,72.48295082943284,361.42125182750124,3.5098030829575464,2.5683333333333334,candidate
93,71.86424264902716,332.67608405290457,3.608912133679496,2.5233333333333334,candidate
93,81.62420247647222,353.9038821385625,3.5176977900159727,2.5108333333333333,candidate
93,61.75688314999766,299.3252050999545,3.6227640562956367,2.5283333333333333,candidate
93,80.56886704628654,366.08579703302894,3.5632320532229187,2.5775,candidate
93,80.03092004071533,401.45280295503744,3.5609169141082475,2.57,candidate
93,84.0649599908717,384.837030661005,3.6522647760921245,2.6,candidate
93,73.56661167977184,351.3814727204772,3.5760454361611664,2.535833333333333,candidate
93,60.604579580584485,278.281813653909,3.6459623309838207,2.5125,candidate
93,66.6948132106945,325.2307993784202,3.580205678384573,2.5508333333333333,candidate
93,53.588882828524554,284.37075289729137,3.5451413646288756,2.5166666666666666,candidate
93,70.89000616992865,337.34747212354114,3.519260529951225,2.4808333333333334,candidate
93,76.7599555553834,354.0864227938491,3.6275403997876765,2.5616666666666665,candidate
93,71.91719699212156,323.3968730645065,3.609725171250375,2.4783333333333335,candidate
93,76.45226965567944,375.95849471323845,3.5892916011844136,2.525,candidate
93,60.559939750067564,306.1356469409311,3.6010741105694706,2.5341666666666667,candidate
93,55.19124785048079,282.72393714912505,3.537648197245062,2.4675,candidate
93,54.756002296928365,263.9296346238875,3.5538315535564493,2.505,candidate
93,64.8615265527275,324.4633965861858,3.6219507229575356,2.5416666666666665,candidate
93,84.56367190891709,378.00262661771694,3.54933770411526,2.585,candidate
93,66.35064432754262,305.8008828206184,3.6122531155037905,2.5425,candidate
93,71.80260229095877,335.278726110756,3.53740384681214,2.4991666666666665,candidate
93,94.95839126749205,404.3611561509065,3.5667743780037426,2.6241666666666665,candidate
93,77.37413091378507,352.4783949390762,3.601924953342177,2.5166666666666666,candidate
93,58.578513719641066,288.4933117025216,3.557685821932921,2.535833333333333,candidate
93,67.7282379590761,303.16947469546994,3.5582191503249305,2.5533333333333332,candidate
93,67.74141730008775,314.6695011864449,3.558239705387223,2.5366666666666666,candidate
93,72.28388653073064,362.93039532449393,3.531789365552868,2.578333333333333,candidate
93,59.05819125834013,299.44704008452436,3.5519961687925843,2.4925,candidate
93,75.94703608284722,368.1978799028625,3.7114162360876435,2.566666666666667,candidate
93,75.77956582578673,335.79168985805336,3.60117996358656,2.595833333333333,candidate
93,65.93726904835194,330.3062955255664,3.642334170823915,2.5125,candidate
93,84.13193741836392,375.537850221589,3.5319701686244116,2.635,candidate
93,78.67060159057584,382.0242164814572,3.557747202661403,2.5733333333333333,candidate
93,82.27587064831643,392.21156126124697,3.596819395626426,2.565,candidate
93,74.2892612839146,343.03559966755347,3.569692266020411,2.5841666666666665,candidate
93,68.31025521134819,314.0076672025825,3.608519083622923,2.435,candidate
93,59.595319047033605,283.8487590976524,3.669168425220505,2.4891666666666667,candidate
93,71.55104184253302,320.6974990106787,3.566490479527147,2.546666666666667,candidate
93,75.30901337475495,359.25078740393246,3.5679161592283037,2.5716666666666668,candidate
93,82.4462433861335,382.66760277691174,3.540212367524873,2.5775,candidate
93,59.94721356814265,294.320170632137,3.5431794738080953,2.53,candidate
93,70.39861738843396,330.1278923502273,3.585233932308256,2.5841666666666665,candidate
93,62.213601483856,305.5547170608611,3.5590784757696383,2.51,candidate
93,85.79007239487298,370.6434777747818,3.5525331895655654,2.5908333333333333,candidate
93,62.637927658164124,299.20714017838964,3.5305522227081383,2.55,candidate
93,64.92114156429415,348.3922318000027,3.517992080881868,2.455,candidate
93,61.99900581661755,320.47453812370213,3.668249506885104,2.4975,candidate
93,76.13850361496036,346.3365968229691,3.5452084150762673,2.5566666666666666,candidate
93,56.11704694920201,276.782376120495,3.726528476335943,2.4775,candidate
93,68.9339184785236,317.31570215070496,3.615818276547998,2.4991666666666665,candidate
93,76.91832159803181,357.89551611958086,3.5545646165996914,2.549166666666667,candidate
93,76.52258987127124,352.1384890364343,3.586841838143755,2.5866666666666664,candidate
93,55.829943281668484,281.2882145200724,3.673096352662924,2.493333333333333,candidate
93,67.20292369067786,322.57476955299444,3.5645885041062684,2.4966666666666666,candidate
93,55.85761718244315,288.9744749331444,3.676506433272152,2.4716666666666667,candidate
93,74.16629909627875,355.10979654654693,3.5592500254288097,2.5391666666666666,candidate
93,64.29829539338384,307.31673348665254,3.5600290355489506,2.5183333333333335,candidate
93,78.61235690355889,348.3400647753024,3.5707225244755136,2.578333333333333,candidate
93,54.86948661883934,285.711204220529,3.55450374953989,2.504166666666667,candidate
93,77.4930696591376,349.9860772757984,3.6414630631550153,2.5616666666666665,candidate
93,83.09106235417642,365.26294252436446,3.627908208438839,2.5658333333333334,candidate
93,74.09096237072728,350.6356425560757,3.5931414682397644,2.5516666666666667,candidate
93,69.62960548054758,340.33285604396497,3.6160312284355314,2.5025,candidate
93,77.01510463184809,360.93766953355225,3.5211668929536017,2.5416666666666665,candidate
94,59.960860526519696,281.0804393513531,3.519853357664033,2.28,candidate
94,30.54572715219061,161.309899239694,3.524396333372806,2.2625,candidate
94,25.713628370377215,138.8592896040368,3.5146239075252197,2.265833333333333,candidate
94,28.66527015585521,164.45354254502035,3.5288509378847266,2.2625,candidate
94,28.95053195551868,143.43051659415823,3.5296625838386717,2.2575,candidate
94,43.62387042076369,211.8299896130029,3.5234064096955535,2.283333333333333,candidate
94,32.69330391274083,192.38979890115934,3.5227428353116466,2.1983333333333333,candidate
94,37.383936176533396,190.93591528278648,3.5512266750029085,2.25,candidate
94,27.013488309167258,157.41243886359644,3.5070106302559907,2.3175,candidate
94,34.2731494896969,167.85165425668447,3.511495849363655,2.285,candidate
94,37.94216492193519,199.60610592550893,3.5175073108848665,2.3158333333333334,candidate
94,34.84087290219955,162.6581454290431,3.515463331165421,2.2375,candidate
94,36.46636982991268,172.1448149658213,3.534057606255601,2.2841666666666667,candidate
94,39.66490337903868,175.76274046900335,3.5381412647313937,2.2191666666666667,candidate
94,45.00461967155071,205.4459368773364,3.5512820342435134,2.2716666666666665,candidate
94,36.055185913126905,165.6436417299028,3.5105530379296397,2.1991666666666667,candidate
94,36.86698930750263,197.77138649859535,3.527967642189651,2.3025,candidate
94,28.090757555243105,155.36425835813498,3.526948744469337,2.26,candidate
94,26.16071017268899,131.14669236361442,3.514152750386984,2.235,candidate
94,40.4102022471211,226.81496276918688,3.5135469344895682,2.335,candidate
94,39.40303603747771,198.04871255512853,3.524076263932784,2.2116666666666664,candidate
94,43.11706278132892,203.27770484157054,3.5342994120019284,2.220833333333333,candidate
94,36.295379633507594,180.28586316636074,3.5254647144658975,2.2183333333333333,candidate
94,44.38435081451525,193.16373878871218,3.5079116282361156,2.2925,candidate
94,38.49779629552219,192.06234338695504,3.5168127445708706,2.28,candidate
94,35.81787856638753,162.84363514432016,3.547325806745391,2.2533333333333334,candidate
94,37.19146163616702,174.394441422618,3.5106524557361354,2.3008333333333333,candidate
94,35.53653998527556,176.629022823588,3.511782623105546,2.265833333333333,candidate
94,30.202501818187297,170.34677306993308,3.5191328408091067,2.29,candidate
94,30.53470365748099,137.18309863575905,3.5289793133563307,2.2525,candidate
94,38.999394995078354,190.77029152317346,3.5397701855821424,2.2508333333333335,candidate
94,47.84226661561125,228.89212293992978,3.516214559992477,2.3016666666666667,candidate
94,47.42384902386222,248.0716167234391,3.5166624821868027,2.3475,candidate
94,32.953110358456534,163.56503060350815,3.5478575686574914,2.2358333333333333,candidate
94,29.634458096781074,152.58501162499397,3.526658151346055,2.195,candidate
94,29.179427800471583,164.8982813391799,3.508061978957585,2.21,candidate
94,34.28305124934065,166.93983021581062,3.5060915069798284,2.235,candidate
94,45.94782418399736,227.5115269265043,3.5192460495763953,2.2741666666666664,candidate
94,34.202404130568425,179.45535616067218,3.523528877950639,2.28,candidate
94,53.26013395492023,280.327945206016,3.511402316505837,2.3341666666666665,candidate
94,32.34688442415986,183.0883831240335,3.526447826932781,2.235,candidate
94,37.0164196544592,194.98436482391116,3.5194874973262813,2.2975,candidate
94,34.53357614399014,177.15075735103892,3.5111365285777083,2.2825,candidate
94,42.43751515039769,223.87343482877714,3.519603568068078,2.3016666666666667,candidate
94,34.99896412226552,160.01830880470516,3.512062665930216,2.220833333333333,candidate
94,46.22359639114424,213.73546740741358,3.5262950832661772,2.3233333333333333,candidate
94,32.98780572195084,162.0731441823873,3.511172658164753,2.2466666666666666,candidate
94,45.84847050418706,255.7589228988254,3.507732588838735,2.2883333333333336,candidate
94,33.12817455742591,155.90990482940015,3.513452474852784,2.2408333333333332,candidate
94,33.118859340275705,166.16185475814927,3.5038206021022233,2.25,candidate
94,32.69600121840326,138.1748971116217,3.5452652436874814,2.1958333333333333,candidate
94,29.682769412177873,147.90726349320948,3.510219792085536,2.3125,candidate
94,54.04505483041879,268.8571426987928,3.518384197072919,2.3266666666666667,candidate
94,35.862426121658835,179.48300889269467,3.527063583393783,2.236666666666667,candidate
94,42.99988295367004,185.06617750915757,3.5443443420135736,2.2525,candidate
94,32.292998296309136,171.36399518487497,3.51940522820405,2.2533333333333334,candidate
94,31.273046185322652,160.35975166176422,3.527724227048907,2.256666666666667,candidate
94,53.11242454042309,245.0203614261327,3.5264449652950134,2.2933333333333334,candidate
94,48.23958347599847,266.99145462297247,3.51598467271333,2.3316666666666666,candidate
94,30.80025752435685,176.16919572054076,3.5420517342155335,2.245,candidate
94,32.85144655822424,182.6169178422815,3.5164585062511833,2.319166666666667,candidate
94,37.64840094435175,184.22879536156643,3.525000243447721,2.299166666666667,candidate
94,50.88559306385236,265.1567293177395,3.522249431582722,2.3808333333333334,candidate
94,42.874802463424714,184.66941636599176,3.564094214531451,2.2583333333333333,candidate
94,37.86704596561208,195.5728054570527,3.5226055368024163,2.2333333333333334,candidate
94,30.17343998245223,150.9093608050548,3.523952816628025,2.2083333333333335,candidate
94,28.91143740869889,148.27870053217066,3.5452969371156087,2.2175,candidate
94,34.80856743548857,161.320960397853,3.5406579890045577,2.3116666666666665,candidate
94,26.653693578494313,141.63964826084384,3.5337905769544022,2.27,candidate
94,29.238701667581747,132.26339714498317,3.5265009659092357,2.1866666666666665,candidate
94,53.273762384202264,238.42798093379633,3.5717603008104106,2.2925,candidate
94,34.30444779606148,149.89047395539637,3.521722600713474,2.2175,candidate
94,38.03192953626727,175.807899724472,3.515050425475465,2.2908333333333335,candidate
94,30.639406783969687,158.19719052848677,3.562779513283658,2.2333333333333334,candidate
94,36.710198954394144,183.8071457028277,3.5175472986654768,2.2225,candidate
94,40.542754204004794,203.2360288806799,3.513485038136878,2.2675,candidate
94,44.48129446114734,200.4794298332904,3.5200176872417615,2.3033333333333332,candidate
94,36.052025146404084,197.24353344652945,3.510080961098879,2.2825,candidate
94,37.29446283420042,169.51831751857344,3.5338824712625865,2.24,candidate
94,42.26320055177689,227.88907553547006,3.5317467054355802,2.3375,candidate
94,31.181822939295756,144.33999996064358,3.505913547315231,2.265,candidate
94,43.9319989825747,226.30682762414745,3.5064168324574894,2.3033333333333332,candidate
94,40.30574102295438,220.8985634883329,3.5074864772700494,2.285833333333333,candidate
94,39.05922055631371,206.9436813198422,3.533656804758458,2.296666666666667,candidate
94,40.967180017549936,224.66007286171225,3.5250687818470396,2.3075,candidate
94,38.54161359576487,187.24935153955312,3.545235995839448,2.285,candidate
94,35.615765395009056,175.43559285629863,3.5145105883066208,2.27,candidate
94,41.10278462781204,208.15257390525676,3.526105031023235,2.2758333333333334,candidate
94,45.76907704994075,224.36560146239162,3.5349575253180774,2.3466666666666667,candidate
94,40.44998808456199,231.43549807495583,3.5051609450418937,2.3508333333333336,candidate
94,33.86033141323167,153.84684657926482,3.5127332931438104,2.2175,candidate
94,39.597025002749675,200.22161654936235,3.513230942243581,2.2516666666666665,candidate
94,33.28672995320897,150.49205439705747,3.5033255853300034,2.2391666666666667,candidate
94,32.914206955378894,164.68342431868223,3.544543396618849,2.2733333333333334,candidate
94,30.86644570068097,163.65030302030254,3.5417323504668374,2.27,candidate
94,50.706663532073655,234.4242469658093,3.513673618336952,2.2808333333333333,candidate
94,30.14507214868292,159.2678230045085,3.565422394125889,2.2083333333333335,candidate
94,35.39193785339798,198.33548163822388,3.5498839053093434,2.31,candidate
94,44.12659008165948,192.406384509934,3.512961714882067,2.28,candidate
94,38.71078516430406,188.5394142108198,3.5070846339283435,2.2825,candidate
94,38.234002068027365,205.7116479184224,3.512495513957674,2.3108333333333335,candidate
94,39.81644718939594,216.9199130745351,3.5461657312361012,2.26,candidate
94,27.06562600182622,119.99917588559038,3.534013335049849,2.2525,candidate
94,28.13571576265242,142.45348633582535,3.541516313249076,2.2183333333333333,candidate
94,45.136674364035386,207.9570016887351,3.5144847768815453,2.3525,candidate
94,34.56635013984036,167.51105675982217,3.512549427541103,2.255,candidate
94,40.699309824022976,204.81182861885281,3.503168267621163,2.3116666666666665,candidate
94,64.57188537682067,298.00570210876595,3.54576620982607,2.3633333333333333,candidate
94,42.62974111029589,218.63212488871068,3.5244308432168054,2.341666666666667,candidate
94,47.33817994071342,225.37803829988025,3.5436712681673725,2.3358333333333334,candidate
94,42.95018619174347,221.0778894748969,3.5186621179482245,2.3091666666666666,candidate
94,41.85600313899292,187.46206287760197,3.524124405742441,2.2983333333333333,candidate
94,34.959026043105354,199.46062303335475,3.516778938725338,2.2525,candidate
94,44.31061643833826,225.8960221721536,3.546462159047678,2.2933333333333334,candidate
94,37.6018302539777,187.62625120580014,3.535253572428246,2.2716666666666665,candidate
94,40.12163271478938,207.7170998304241,3.5274327292614487,2.299166666666667,candidate
94,40.52158302655614,201.53108637407013,3.511556943512222,2.2691666666666666,candidate
94,34.2789286661582,181.16916953241707,3.505649306406667,2.25,candidate
94,35.71560543843458,197.15001734047746,3.5169437456560786,2.2933333333333334,candidate
94,38.43774634585341,190.45168338446956,3.5122778190050212,2.26,candidate
94,30.444966103936686,159.5639538823093,3.518625031329975,2.2275,candidate
94,28.71052270757138,132.04322311791657,3.5145110947528337,2.2425,candidate
94,34.53511689335411,166.64085175270338,3.5306508485085715,2.3433333333333333,candidate
94,40.098480880530694,182.5999313428274,3.5130628115184663,2.305833333333333,candidate
94,41.579500012270785,226.60761617279968,3.5164135976935995,2.2883333333333336,candidate
94,29.123891533713174,176.9716088354653,3.5290290556597483,2.25,candidate
94,35.49050542500717,170.81532120677275,3.5364458223878046,2.2725,candidate
94,37.84405907524734,187.9144528850884,3.525447632000578,2.2533333333333334,candidate
94,32.38552102082878,174.23952371736323,3.5251403916449817,2.265833333333333,candidate
94,32.1752481462376,166.59639488097673,3.5419146040178475,2.2816666666666667,candidate
94,27.59379800115374,147.58730240632985,3.530845060929096,2.2191666666666667,candidate
94,37.13083350401177,186.31139487246855,3.538496727574511,2.2908333333333335,candidate
94,41.07270467322077,194.95811273212212,3.5255049284731967,2.3325,candidate
94,36.11727361055091,188.47116543068705,3.529392509370382,2.2533333333333334,candidate
94,32.225514035658115,165.1888018843042,3.511520164418698,2.2875,candidate
94,37.81375468706569,182.79296707749018,3.5343542165810504,2.245833333333333,candidate
94,33.73037379727121,166.90356354465712,3.5242257667790398,2.2266666666666666,candidate
94,32.13690158656294,147.4886858758241,3.5144028057504784,2.316666666666667,candidate
94,21.61540593196009,119.07039720654575,3.5277532085424355,2.2283333333333335,candidate
94,36.7506036982477,172.7162340776581,3.5495721081279044,2.2616666666666667,candidate
94,37.76416332703264,216.5534356644207,3.5175014197168366,2.2808333333333333,candidate
94,21.939142692930364,106.73678653770821,3.5290821387293363,2.2333333333333334,candidate
94,29.985330470762932,152.15734073191106,3.5351579418750134,2.2533333333333334,candidate
94,47.601037022249336,238.66794357044682,3.5120541687531386,2.316666666666667,candidate
94,43.78302332971144,245.09304897760876,3.5069772449810444,2.315,candidate
94,60.85868039531352,271.23913498014235,3.5266070954585302,2.345833333333333,candidate
94,28.686584494227798,147.9295257187987,3.5204869990657244,2.265833333333333,candidate
94,33.481391163939186,163.26646998980095,3.5067228794919174,2.243333333333333,candidate
94,37.57843912625257,182.54185993792044,3.528107330237617,2.3016666666666667,candidate
94,32.93608473581901,178.3420448802999,3.520623755132192,2.2025,candidate
94,30.93556160397178,131.14436260394814,3.5376753249704507,2.2091666666666665,candidate
94,36.407355425002436,188.86526636337703,3.50820468800066,2.256666666666667,candidate
94,42.623890803076826,209.55931049404444,3.517553453682467,2.3033333333333332,candidate
94,26.696886987401847,140.0796825965731,3.5568086626471995,2.2175,candidate
94,43.92494443066846,215.89447337780393,3.5144371894577944,2.2825,candidate
94,42.12790359138957,203.67212872431946,3.5204849605323396,2.245833333333333,candidate
94,48.04969116653686,246.92908673518968,3.51966621407405,2.3075,candidate
94,33.555838142180185,172.61542124575408,3.5628431247550907,2.2675,candidate
94,52.13003432024686,248.03524921876897,3.530904030849797,2.3241666666666667,candidate
94,24.0371373347523,136.02259591395887,3.5122893535115054,2.2691666666666666,candidate
94,34.38012885385488,189.1832044276689,3.5445536421466386,2.2483333333333335,candidate
94,43.28354178571315,206.62937390004572,3.5255072724533605,2.255,candidate
94,40.70484462990418,218.05406294743534,3.506173551164011,2.3025,candidate
94,39.27220821236887,190.96642139162122,3.5424911075215277,2.255,candidate
94,37.05735581872091,179.71218534266836,3.512291039573256,2.2758333333333334,candidate
94,49.80142596100365,238.8621382706251,3.528987912844741,2.2983333333333333,candidate
94,36.75943019473825,174.59510742547445,3.5193645734625534,2.256666666666667,candidate
94,36.26572276975044,158.60425440567178,3.537411129658267,2.1908333333333334,candidate
94,38.75423859062113,204.70417164098262,3.5112914076280504,2.2916666666666665,candidate
94,36.4815901312002,206.56390273399984,3.533544630197298,2.2483333333333335,candidate
94,44.30516180777815,234.6265481158889,3.512023912694133,2.3341666666666665,candidate
94,42.151919084200614,219.4295670396391,3.5031403365583174,2.2908333333333335,candidate
94,37.81179441333737,202.2277607410938,3.5368522207709248,2.339166666666667,candidate
94,25.582537870583938,158.60854046921213,3.533397521077859,2.3233333333333333,candidate
94,31.245361573167852,183.6290704012922,3.525218227752248,2.2525,candidate
94,34.08994826887229,157.63555447059161,3.5436099976714104,2.2583333333333333,candidate
94,31.759838874504833,148.11092806407487,3.512050439772338,2.2108333333333334,candidate
94,44.77660934247063,214.2754744215108,3.526416605821396,2.325,candidate
94,37.57443968639264,182.9805737837264,3.5161051015102203,2.235,candidate
94,36.30536579880907,169.73693032283973,3.5446499654635772,2.276666666666667,candidate
94,29.233951216529967,148.04856764533315,3.5181228493391714,2.200833333333333,candidate
94,34.736320192656635,194.19101354885606,3.507881926290338,2.2358333333333333,candidate
94,45.89617805882315,220.71575047927126,3.529880719717312,2.379166666666667,candidate
94,23.173447674825972,139.45844913944893,3.514387148521564,2.2191666666666667,candidate
94,38.06919003470861,182.81060090995425,3.526758417075598,2.2383333333333333,candidate
94,38.78908458505134,183.86517393632903,3.5360736418838314,2.2816666666666667,candidate
94,37.22215901946801,187.02548406751976,3.5039586972498,2.2708333333333335,candidate
94,41.795534933291606,220.73897881988796,3.5315086990540294,2.3325,candidate
94,28.160812632065557,159.0884764336697,3.5074664039243544,2.2441666666666666,candidate
94,46.13476186002996,236.92379616444714,3.534096906681043,2.279166666666667,candidate
94,45.18956123177509,246.23354695369835,3.5238180762316915,2.2675,candidate
94,43.840872601797514,248.809851613104,3.529661983438359,2.3575,candidate
94,38.21754708952649,211.27277748305232,3.5230130044046746,2.3308333333333335,candidate
94,30.12822607532893,164.73718642453696,3.5180190282005697,2.236666666666667,candidate
94,27.92807222125486,140.60408451255853,3.538009787930605,2.2475,candidate
94,38.24436867145154,175.48789775787782,3.5280879112917773,2.245833333333333,candidate
94,34.50739487758451,183.6833700188763,3.5197797916889613,2.2983333333333333,candidate
94,40.929467331441636,205.38393455417918,3.522868518344012,2.2841666666666667,candidate
94,23.53220719796456,110.4020221837286,3.5495582577125333,2.1625,candidate
94,44.31522986046603,211.31126880074044,3.51074411683544,2.28,candidate
94,37.11950415650776,191.54633188976868,3.5615931261261835,2.2825,candidate
94,47.76567307951451,219.97369183284354,3.518777587996965,2.3266666666666667,candidate
94,36.80219349357489,184.18268555642408,3.528627160077349,2.2983333333333333,candidate
94,44.98210001569915,214.8217677829757,3.5170405949108954,2.3658333333333332,candidate
94,27.642823715474744,123.88325397993458,3.5123306439888893,2.1958333333333333,candidate
94,41.73543793561441,214.45124732616887,3.548975160359305,2.2933333333333334,candidate
94,33.70361790412537,185.17700592478332,3.528317624453507,2.255,candidate
94,43.72345984101843,248.09823502108748,3.504151258474053,2.33,candidate
94,40.47429600245413,194.87958582356532,3.522794544203407,2.2491666666666665,candidate
94,38.15192329641877,202.39486742093231,3.524219103021551,2.2975,candidate
94,29.256040020851106,141.41381330809782,3.512090108521761,2.2391666666666667,candidate
94,49.67733676452778,258.12212729242356,3.508525209172433,2.35,candidate
94,28.377268353029994,166.780732798421,3.518506640774831,2.2725,candidate
94,35.19338232361862,173.28726883205218,3.528945289597459,2.2516666666666665,candidate
94,33.87486000823881,157.1507738711066,3.520082179244582,2.283333333333333,candidate
94,46.02235496155942,222.52576641265932,3.507648975981965,2.3033333333333332,candidate
94,46.79305428294139,228.63621600190118,3.5211896214310627,2.31,candidate
94,39.115864159171224,195.3023718698496,3.5445062226829123,2.263333333333333,candidate
94,39.735206085440446,218.2329450016291,3.5292201918013575,2.2725,candidate
94,41.08433496148944,219.69365260381574,3.5073045567944447,2.3091666666666666,candidate
94,61.23261271308505,298.83860727531146,3.5252631922508613,2.388333333333333,candidate
94,39.18778639921964,219.46359974498273,3.5615771333832527,2.3016666666666667,candidate
94,50.45114703924908,256.95384725970234,3.504249149966199,2.3566666666666665,candidate
94,44.53731897977708,214.4060037358513,3.5257720218696704,2.285833333333333,candidate
94,48.28578921470483,263.2800406164006,3.5376934385765253,2.2891666666666666,candidate
94,49.11790124577374,254.15218030182996,3.504406091277815,2.3325,candidate
94,43.702395614210005,206.47849703952215,3.536752935079903,2.3033333333333332,candidate
94,52.67298299135186,249.26052608504597,3.5249541707280514,2.316666666666667,candidate
94,28.29244936835127,129.51108227655413,3.545913541357095,2.180833333333333,candidate
94,30.38885213147211,130.2028629996321,3.5079389299835384,2.243333333333333,candidate
94,42.66596094089233,210.07195704582682,3.524034018759039,2.3491666666666666,candidate
94,34.87214181458927,160.70463699353422,3.5005784159729956,2.2816666666666667,candidate
94,43.13939424260216,226.6192980116707,3.5361474818842,2.27,candidate
94,24.17415206892274,118.42024210430554,3.557170217577095,2.2316666666666665,candidate
94,40.08326922786894,240.5020848865829,3.542628199100818,2.295,candidate
94,35.57570877654017,187.34352725932695,3.5460036448066603,2.3233333333333333,candidate
94,41.13773989885374,183.11974634494163,3.529551787338278,2.24,candidate
94,38.17031672755382,180.0971558926708,3.5358632442066664,2.305833333333333,candidate
94,48.22403273416798,240.37979921839633,3.5298990107321515,2.3075,candidate
94,46.05454085433398,218.92791228831356,3.544548407603088,2.2925,candidate
94,30.677771976591025,184.0111104874377,3.5118724376302453,2.2441666666666666,candidate
94,23.091297080332197,108.42683122303379,3.537174926531179,2.1825,candidate
94,44.79863495765906,210.31609114998264,3.5052788289690398,2.2725,candidate
94,51.93167582828233,243.42081010320453,3.5364352174456144,2.4116666666666666,candidate
94,34.59787932275198,181.45333101819188,3.541385057035768,2.2441666666666666,candidate
94,36.18323129576086,192.4854181290384,3.5383760251908143,2.225,candidate
94,39.516600385258215,204.404381025744,3.5463095221128924,2.2391666666666667,candidate
94,33.020528720761234,163.73018995988969,3.506777054926715,2.26,candidate
94,53.04812224787804,246.76243343330862,3.536095414708825,2.3466666666666667,candidate
94,30.56730396335288,158.21903699537324,3.5260299704991667,2.2333333333333334,candidate
95,9.683883220991788,25.364127899017603,3.514010384433277,1.7608333333333333,candidate
95,10.347570524972769,37.08143416672647,3.5329091155266497,1.7516666666666667,candidate
95,9.791189554933274,26.79980097677071,3.5058102662851525,1.7683333333333333,candidate
95,9.99626866612521,32.347008064379224,3.5201466831354082,1.7558333333333334,candidate
95,9.981964652797881,30.350171714463386,3.5411379011766257,1.7816666666666667,candidate
95,9.843545591849605,38.49481237688974,3.5238983263229784,1.7508333333333332,candidate
96,9.753237815675881,31.639486162830735,3.5258530400831205,1.7158333333333333,candidate
96,10.361578901338348,36.73453089420809,3.5117721493887757,1.7616666666666667,candidate
96,9.659290935903678,32.39530674419598,3.517162549378554,1.6866666666666668,candidate
96,9.695959877885615,31.926755906996505,3.5346626393998335,1.7175,candidate
96,9.680783870023358,31.2021896632923,3.512075735311555,1.6933333333333334,candidate
96,9.514864937450172,30.27968949552769,3.5101456410983047,1.7041666666666666,candidate
96,9.99800300939662,36.73300930542723,3.5277998167111946,1.7666666666666666,candidate
97,9.280379919722106,24.407048344814484,3.5252983093542127,1.5375,candidate
97,9.085588799511084,25.17592726070734,3.5079994240591077,1.5591666666666666,candidate
97,9.239056429168064,26.944419540343006,3.50765843410818,1.5475,candidate
97,9.330898068817094,25.93807106768054,3.5264077843512496,1.5541666666666667,candidate
97,9.38933421726712,25.638510422821582,3.5078140860696294,1.53,candidate
97,9.410011852670042,28.47479533432147,3.5388259190963254,1.5225,candidate
97,9.334430894940677,28.396495528155356,3.524046884231666,1.5316666666666667,candidate
97,9.257438044776581,24.06023392451789,3.518300643191651,1.5308333333333333,candidate
97,9.261765403913888,26.705050848521523,3.517701911142467,1.5816666666666668,candidate
97,9.37783259228484,28.584132390364175,3.5458352075961557,1.5483333333333333,candidate
98,9.64666276487021,26.650922221138444,3.532573276379935,1.7008333333333334,candidate
98,9.964801882046546,30.622254695319725,3.5157480120242326,1.795,candidate
98,10.19834279231243,36.18284356094159,3.5297755779997715,1.8141666666666667,candidate
98,10.419369242252666,37.560792506943244,3.510287797601677,1.7533333333333334,candidate
98,9.617748878444768,27.484149923186806,3.5181436074005887,1.6825,candidate
98,10.043869599209941,31.89077492468823,3.516774379376102,1.7466666666666666,candidate
98,10.071010033988413,33.224732578647945,3.5165983710039654,1.7983333333333333,candidate
98,10.167001420389733,30.689688262042637,3.5152985124940415,1.8341666666666667,candidate
98,10.585521036171068,38.5435475769857,3.505821191199857,1.7716666666666667,candidate
98,9.896842496781007,31.09538958250323,3.5152355590998923,1.7091666666666667,candidate
98,10.356122098585523,32.95585719676569,3.5313074123008334,1.8616666666666666,candidate
98,10.217038527242382,43.98333728139073,3.524301583295255,1.7358333333333333,candidate
98,10.129440186718625,32.961629585985975,3.5476031321686605,1.7825,candidate
98,10.473846100976832,35.9361507176975,3.513650483200763,1.8391666666666666,candidate
98,9.6080860038845,24.590574803770323,3.534867533335273,1.7191666666666667,candidate
98,9.766091090722526,27.151782536644077,3.5286489070863354,1.7475,candidate
98,10.33118016275874,32.89559689675548,3.5177005156210726,1.86,candidate
98,10.100006543006154,30.20699395348538,3.511224024713215,1.8141666666666667,candidate
98,11.60846551520818,49.2148736173765,3.5164627426242987,1.8175,candidate
98,10.306043612597827,35.24511261837415,3.514785416559107,1.7841666666666667,candidate
98,9.809990319206504,29.28816165646822,3.513265550333017,1.7241666666666666,candidate
98,10.390417816475638,38.50002214064489,3.518732871186785,1.7991666666666666,candidate
98,9.830797796922274,27.197038169779717,3.5017895978872957,1.7166666666666666,candidate
98,10.261802705905387,41.01000758844975,3.5085950757079445,1.685,candidate
98,10.344948269156886,36.0183676294439,3.5404861865598036,1.7908333333333333,candidate
98,10.146295223502749,31.8697602474831,3.5169703873882554,1.7975,candidate
98,9.969218563822533,33.705287790978446,3.5465295225735645,1.7733333333333334,candidate
98,10.018669022069096,33.38985054777322,3.538055102337694,1.7733333333333334,candidate
98,9.980343279366767,36.71210646543659,3.5113513832877743,1.735,candidate
98,10.395500090550986,42.01606073276139,3.50236681388202,1.7833333333333334,candidate
98,10.23795527688135,30.622316079546863,3.5146915518412243,1.7516666666666667,candidate
99,9.203232089631934,28.231173157933426,3.5068540951635896,1.5341666666666667,candidate
99,9.233134315784097,25.103649631695134,3.521427312562764,1.5591666666666666,candidate
99,9.235551559503675,31.484130847123197,3.5174142842112133,1.5266666666666666,candidate
99,9.264127746223402,27.374824069499482,3.5033208032439234,1.5316666666666667,candidate
99,9.292647915143725,28.053708482973434,3.5066524325384307,1.575,candidate
99,9.229907113533162,24.7280091860855,3.5234363144909366,1.5608333333333333,candidate
99,9.337628160920433,29.17122080271247,3.538449907764516,1.5783333333333334,candidate
99,9.341938897092113,30.32279228329685,3.503359331816,1.5166666666666666,candidate
99,9.553665977842764,40.25786981360693,3.5269813299349835,1.5658333333333334,candidate
99,9.337530302911976,29.297840575781265,3.51209709778135,1.5658333333333334,candidate
99,9.112838969293119,23.354871859475907,3.511694297325562,1.5116666666666667,candidate
99,9.397428853044444,31.101098759278102,3.5376291355968306,1.5625,candidate
99,9.173770944384408,23.120086288396806,3.512772590706845,1.5683333333333334,candidate
99,9.183557906675349,24.449477962162746,3.511072153043756,1.5833333333333333,candidate
99,9.232032275375195,27.213817664760427,3.5168821778884194,1.5625,candidate
99,9.309493004755629,27.867640593295164,3.5374160992973884,1.5233333333333334,candidate
99,9.250684728650652,27.09892269107013,3.534709292374373,1.515,candidate
99,9.266340284080227,26.6934893614839,3.5372608607557368,1.5658333333333334,candidate
99,9.416167725277857,27.68746892911213,3.504335415058904,1.5358333333333334,candidate
99,9.262523877140598,27.668929131782534,3.5401957258952734,1.5291666666666666,candidate
99,9.275970082637112,26.384793808840186,3.5078757163727783,1.5591666666666666,candidate
99,9.396970513985778,27.29435751907613,3.5549165659869004,1.5475,candidate
99,9.225558860771594,26.9485975910834,3.5243864994492924,1.5191666666666668,candidate
99,9.249259496085138,30.54738812409937,3.5667319677831983,1.5375,candidate
99,9.358085593297673,26.827503473169827,3.5314740215389975,1.5116666666666667,candidate
99,9.30707615443311,25.1617302515574,3.5104701774249634,1.57,candidate
99,9.402312417902204,25.883197113873848,3.508643856690014,1.5708333333333333,candidate
99,9.245427114513113,24.932689002635698,3.5259570888151757,1.565,candidate
99,9.17193630509861,29.08280795447763,3.529911956044998,1.4791666666666667,candidate
99,9.056379069817371,24.69099812746026,3.5459012135411285,1.42,candidate
99,9.520538668463491,31.954603188288957,3.533877211987601,1.5758333333333334,candidate
99,9.243130685607293,25.431678343837575,3.5185379669287613,1.5425,candidate
99,9.089390217352292,24.40107889577348,3.5201952685788456,1.5216666666666667,candidate
99,9.210080354916824,24.584617266296164,3.5059621005270856,1.545,candidate
99,9.302222771518796,29.670921422718948,3.5146388117289007,1.5333333333333334,candidate
99,9.351893273471017,26.420866068624946,3.5229988532114476,1.5716666666666668,candidate
99,9.448035969498392,28.025348383985147,3.514037797351648,1.6033333333333333,candidate
99,9.272601902374014,25.271711824389513,3.543874160992573,1.5041666666666667,candidate
99,9.115974830325271,25.500196892994154,3.511115729035623,1.5083333333333333,candidate
99,9.236326580659018,25.469457605928483,3.525810011898102,1.5325,candidate
99,9.332243193136211,30.683073202068044,3.522056960474856,1.53,candidate
99,9.268708867600871,25.800521417048458,3.5175863396834757,1.5683333333333334,candidate
99,9.430363297369205,26.245386716762823,3.5543508507744264,1.5933333333333333,candidate
99,9.280188086571783,26.148900466336727,3.5193747076075397,1.5175,candidate
99,9.35950104064533,27.974060294356605,3.522366002169292,1.5725,candidate
99,9.269350351793225,26.52980510830116,3.5120547189311537,1.5433333333333332,candidate
99,9.36040280312893,27.38602023656449,3.51423095647408,1.5608333333333333,candidate
99,9.179557163991918,28.125205977058158,3.520667310749559,1.4941666666666666,candidate
99,9.307782776874904,28.38075701808475,3.530840452679058,1.5075,candidate
99,9.198861586318701,26.27574322294913,3.5236225879205563,1.545,candidate
99,9.3779938843885,28.992321918536618,3.5221892798083445,1.5641666666666667,candidate
99,9.19601396094928,25.97623543700638,3.518980650479847,1.4825,candidate
99,9.332474919077363,28.933701779340254,3.512676389325179,1.5483333333333333,candidate
99,9.283194283377163,26.317503563316222,3.5500291781295346,1.5041666666666667,candidate
99,9.383897329905837,34.465052489697655,3.531315922736667,1.595,candidate
99,9.144819422650073,23.152669441199123,3.5168914977020336,1.5075,candidate
99,9.301259300630019,27.992771445725566,3.511831197079573,1.5266666666666666,candidate
99,9.289903785655744,28.26963386383386,3.546629933832264,1.5766666666666667,candidate
99,9.297155510676246,28.07615546354691,3.50913942149964,1.545,candidate
99,9.182518830738978,25.681906416605443,3.528519222948489,1.5308333333333333,candidate
99,9.325109815815448,27.57258334605217,3.526078587622578,1.5683333333333334,candidate
99,9.292137062132491,24.677328319988874,3.522234758013383,1.5375,candidate
99,9.17961326718244,26.429992698190972,3.5092526091909804,1.5175,candidate
99,9.275150810277589,24.733818575315354,3.5364912006207305,1.5808333333333333,candidate
99,9.387704766153952,28.625197552107238,3.539965016754195,1.6083333333333334,candidate
99,9.287784749900887,27.169543545584702,3.5131894092899074,1.5066666666666666,candidate
99,9.242903622174206,24.887768886559343,3.5103263768264696,1.5233333333333334,candidate
99,9.388645470643532,29.94581082148079,3.519428259616234,1.6025,candidate
99,9.321898784354223,27.60073548414357,3.5189820842219888,1.5283333333333333,candidate
99,9.29702526810159,31.667334354268633,3.519790053529505,1.5616666666666668,candidate
99,9.323320761666483,27.534331020922764,3.5200614705022986,1.6241666666666668,candidate
99,9.265755634063014,28.02489030660695,3.513035982575275,1.5683333333333334,candidate
99,9.232722108941996,23.700529680768796,3.5374936085509034,1.5166666666666666,candidate
99,9.252398481886285,27.673216939741906,3.5288404539287512,1.5475,candidate
99,9.253981535524913,26.71964238272244,3.5312950948966773,1.5558333333333334,candidate
99,9.436291935412404,27.882621599690992,3.536619250618287,1.6508333333333334,candidate
99,9.28331501258922,25.792270630689018,3.5326962493629708,1.5558333333333334,candidate
99,9.33956564017671,24.689434854863066,3.516453730807598,1.585,candidate
99,9.506441036848717,29.815674840927386,3.508596294759627,1.635,candidate
99,9.204199785622801,27.711732342949972,3.5133752075694247,1.4475,candidate
99,9.354893341115487,28.3939625873777,3.508142653491177,1.5816666666666668,candidate
99,9.184238402634534,29.022844112315397,3.526851097311919,1.4525,candidate
99,9.434932540671634,26.88673397155344,3.5195643270681103,1.5191666666666668,candidate
99,9.233651582049328,25.428146336974578,3.5149430668336663,1.5466666666666666,candidate
99,9.197445249464266,26.96855210535955,3.5249298849028037,1.52,candidate
99,9.676826356234614,33.82431182786809,3.5514162972608574,1.59,candidate
99,9.196447540553521,25.727444274088384,3.5289379820965223,1.4875,candidate
99,9.19950576056229,26.696804212243023,3.513117688115017,1.5358333333333334,candidate
0,45.925635732004366,236.57644158100038,3.520592229957856,2.341666666666667,best
5,30.13224505829278,152.3698322478822,3.555536530874633,2.2508333333333335,best
8,20.361861243442593,85.1969473931199,3.5134416374551165,2.1566666666666667,best
11,11.494081660433084,47.800519666712944,3.5548498262984936,1.9516666666666667,best
14,10.73632248491672,37.30885735341758,3.516507992009565,1.8158333333333334,best
19,10.621218135871546,34.05911783809779,3.5225147814795363,1.8875,best
20,10.61693529056856,30.832415492385735,3.5124042211000415,1.9116666666666666,best
27,10.389269080209784,33.651035745067475,3.5462619258790937,1.8825,best
33,9.562370849670396,27.034444426290975,3.527460310647257,1.5825,best
57,9.32859279564572,31.387588197461355,3.509156982801869,1.5591666666666666,best
81,9.301055829906101,24.74796175819347,3.5278514491258193,1.5866666666666667,best
84,9.250207365154004,25.708071931779614,3.5213269533264793,1.5441666666666667,best
87,9.206144625778471,24.045773280550293,3.515076287286206,1.5716666666666668,best
